1,4.0,3.6,70.9,-2.6
2,1.8,5.8,70.9,-2.5
3,1.5,-2.5,70.9,-2.6
4,7.3,-0.5,70.9,-2.5
5,6.2,-2.9,70.9,-2.5
6,4.4,-3.5,70.9,-2.6
7,6.3,1.7,70.9,-2.5
8,-0.8,4.2,70.9,-2.6
9,-1.4,-4.0,70.9,-2.6
10,-4.7,0.9,70.9,-2.6
11,-3.4,-2.7,70.9,-2.6
12,-2.4,-10.1,70.9,-2.4
13,6.6,-8.6,70.9,-2.4
14,11.0,-0.3,70.9,-2.4
15,7.1,8.4,70.9,-2.4
16,-2.4,10.3,70.9,-2.4
17,-10.1,3.6,70.9,-2.4
18,-12.1,-5.5,70.9,-2.3
19,-3.3,3.0,70.9,-2.6
20,-7.1,-8.1,70.9,-2.4
21,2.4,-10.6,70.9,-2.4
22,9.4,-5.1,70.9,-2.4
23,10.1,4.5,70.9,-2.4
24,2.5,10.4,70.9,-2.4
25,-6.9,7.6,70.9,-2.4
26,-11.9,-0.8,70.9,-2.4
27,4.0,3.6,61.8,-3.3
28,1.8,5.8,61.8,-3.2
29,1.5,-2.5,61.8,-3.5
30,7.3,-0.5,61.8,-3.1
31,6.2,-2.9,61.8,-3.1
32,4.4,-3.5,61.8,-3.3
33,6.3,1.7,61.8,-3.2
34,-0.8,4.2,61.8,-3.4
35,-1.4,-4.0,61.8,-3.4
36,-4.7,0.9,61.8,-3.3
37,-3.4,-2.7,61.8,-3.4
38,-2.4,-10.1,61.8,-2.7
39,6.6,-8.6,61.8,-2.7
40,11.0,-0.3,61.8,-2.7
41,7.1,8.4,61.8,-2.7
42,-2.4,10.3,61.8,-2.7
43,-10.1,3.6,61.8,-2.7
44,-12.1,-5.5,61.8,-2.4
45,-3.3,3.0,61.8,-3.4
46,-7.1,-8.1,61.8,-2.7
47,2.4,-10.6,61.8,-2.7
48,9.4,-5.1,61.8,-2.7
49,10.1,4.5,61.8,-2.7
50,2.5,10.4,61.8,-2.7
51,-6.9,7.6,61.8,-2.8
52,-11.9,-0.8,61.8,-2.6
53,4.0,3.6,52.6,-5.2
54,1.8,5.8,52.6,-5.2
55,1.5,-2.5,52.6,-5.4
56,7.3,-0.5,52.6,-4.9
57,6.2,-2.9,52.6,-5.0
58,4.4,-3.5,52.6,-5.2
59,6.3,1.7,52.6,-5.1
60,-0.8,4.2,52.6,-5.3
61,-1.4,-4.0,52.6,-5.3
62,-4.7,0.9,52.6,-5.4
63,-3.4,-2.7,52.6,-5.7
64,-2.4,-10.1,52.6,-3.8
65,6.6,-8.6,52.6,-3.6
66,11.0,-0.3,52.6,-3.5
67,7.1,8.4,52.6,-3.6
68,-2.4,10.3,52.6,-3.7
69,-10.1,3.6,52.6,-3.6
70,-12.1,-5.5,52.6,-2.4
71,-3.3,3.0,52.6,-5.3
72,-7.1,-8.1,52.6,-3.7
73,2.4,-10.6,52.6,-3.7
74,9.4,-5.1,52.6,-3.6
75,10.1,4.5,52.6,-3.5
76,2.5,10.4,52.6,-3.6
77,-6.9,7.6,52.6,-3.9
78,-11.9,-0.8,52.6,-3.3
79,3.6,3.2,49.7,-5.8
80,1.6,5.2,49.7,-5.7
81,1.4,-2.2,49.7,-5.9
82,6.5,-0.5,49.7,-5.7
83,5.4,-2.5,49.7,-5.6
84,3.9,-3.1,49.7,-5.6
85,5.6,1.5,49.7,-5.7
86,-0.7,3.7,49.7,-5.8
87,-1.2,-3.6,49.7,-5.8
88,-4.2,0.8,49.7,-5.8
89,-3.0,-2.4,49.7,-5.4
90,-2.1,-8.9,49.7,-5.6
91,5.8,-7.6,49.7,-5.4
92,9.7,-0.3,49.7,-5.3
93,6.2,7.4,49.7,-5.3
94,-2.1,9.1,49.7,-5.5
95,-9.0,3.1,49.7,-5.4
96,-10.7,-4.9,49.7,-3.7
97,-2.9,2.6,49.7,-5.7
98,-6.3,-7.2,49.7,-5.4
99,2.1,-9.4,49.7,-5.3
100,8.3,-4.5,49.7,-5.4
101,8.9,4.0,49.7,-5.3
102,2.2,9.2,49.7,-5.5
103,-6.1,6.8,49.7,-5.6
104,-10.5,-0.7,49.7,-4.8
105,2.2,2.0,44.3,-7.0
106,1.0,3.2,44.3,-7.1
107,0.8,-1.4,44.3,-6.8
108,4.0,-0.3,44.3,-7.2
109,3.4,-1.6,44.3,-7.2
110,2.4,-1.9,44.3,-7.0
111,3.4,0.9,44.3,-7.1
112,-0.4,2.3,44.3,-6.9
113,-0.8,-2.2,44.3,-6.9
114,-2.6,0.5,44.3,-7.0
115,-1.8,-1.5,44.3,-7.0
116,-1.3,-5.6,44.3,-7.5
117,3.6,-4.7,44.3,-7.6
118,6.0,-0.2,44.3,-7.6
119,3.9,4.6,44.3,-7.6
120,-1.3,5.7,44.3,-7.6
121,-5.6,2.0,44.3,-7.6
122,-6.6,-3.0,44.3,-8.3
123,-1.8,1.6,44.3,-6.9
124,-3.9,-4.5,44.3,-7.6
125,1.3,-5.8,44.3,-7.7
126,5.2,-2.8,44.3,-7.6
127,5.5,2.5,44.3,-7.6
128,1.3,5.7,44.3,-7.6
129,-3.8,4.2,44.3,-7.5
130,-6.5,-0.5,44.3,-7.9
131,2.2,2.0,35.7,-7.0
132,1.0,3.2,35.7,-7.1
133,0.8,-1.4,35.7,-6.8
134,4.0,-0.3,35.7,-7.2
135,3.4,-1.6,35.7,-7.2
136,2.4,-1.9,35.7,-7.1
137,3.4,0.9,35.7,-7.1
138,-0.4,2.3,35.7,-6.9
139,-0.8,-2.2,35.7,-7.0
140,-2.6,0.5,35.7,-7.0
141,-1.8,-1.5,35.7,-7.0
142,-1.3,-5.6,35.7,-7.5
143,3.6,-4.7,35.7,-7.6
144,6.0,-0.2,35.7,-7.6
145,3.9,4.6,35.7,-7.7
146,-1.3,5.7,35.7,-7.6
147,-5.6,2.0,35.7,-7.6
148,-6.6,-3.0,35.7,-8.3
149,-1.8,1.6,35.7,-7.0
150,-3.9,-4.5,35.7,-7.6
151,1.3,-5.8,35.7,-7.7
152,5.2,-2.8,35.7,-7.6
153,5.5,2.5,35.7,-7.7
154,1.3,5.7,35.7,-7.6
155,-3.8,4.2,35.7,-7.5
156,-6.5,-0.5,35.7,-7.9
157,3.6,3.2,30.3,-5.8
158,1.6,5.2,30.3,-5.7
159,1.4,-2.2,30.3,-5.9
160,6.5,-0.5,30.3,-5.7
161,5.4,-2.5,30.3,-5.7
162,3.9,-3.1,30.3,-5.7
163,5.6,1.5,30.3,-5.7
164,-0.7,3.7,30.3,-5.9
165,-1.2,-3.6,30.3,-5.8
166,-4.2,0.8,30.3,-5.8
167,-3.0,-2.4,30.3,-5.5
168,-2.1,-8.9,30.3,-5.6
169,5.8,-7.6,30.3,-5.4
170,9.7,-0.3,30.3,-5.3
171,6.2,7.4,30.3,-5.3
172,-2.1,9.1,30.3,-5.5
173,-9.0,3.1,30.3,-5.4
174,-10.7,-4.9,30.3,-3.7
175,-2.9,2.6,30.3,-5.8
176,-6.3,-7.2,30.3,-5.4
177,2.1,-9.4,30.3,-5.3
178,8.3,-4.5,30.3,-5.4
179,8.9,4.0,30.3,-5.3
180,2.2,9.2,30.3,-5.5
181,-6.1,6.8,30.3,-5.6
182,-10.5,-0.7,30.3,-4.8
183,4.0,3.6,27.4,-5.3
184,1.8,5.8,27.4,-5.2
185,1.5,-2.5,27.4,-5.5
186,7.3,-0.5,27.4,-5.0
187,6.2,-2.9,27.4,-5.1
188,4.4,-3.5,27.4,-5.3
189,6.3,1.7,27.4,-5.1
190,-0.8,4.2,27.4,-5.4
191,-1.4,-4.0,27.4,-5.4
192,-4.7,0.9,27.4,-5.4
193,-3.4,-2.7,27.4,-5.8
194,-2.4,-10.1,27.4,-3.8
195,6.6,-8.6,27.4,-3.6
196,11.0,-0.3,27.4,-3.5
197,7.1,8.4,27.4,-3.5
198,-2.4,10.3,27.4,-3.7
199,-10.1,3.6,27.4,-3.6
200,-12.1,-5.5,27.4,-2.4
201,-3.3,3.0,27.4,-5.4
202,-7.1,-8.1,27.4,-3.7
203,2.4,-10.6,27.4,-3.7
204,9.4,-5.1,27.4,-3.6
205,10.1,4.5,27.4,-3.5
206,2.5,10.4,27.4,-3.6
207,-6.9,7.6,27.4,-3.9
208,-11.9,-0.8,27.4,-3.3
209,4.0,3.6,18.2,-3.4
210,1.8,5.8,18.2,-3.3
211,1.5,-2.5,18.2,-3.7
212,7.3,-0.5,18.2,-3.2
213,6.2,-2.9,18.2,-3.2
214,4.4,-3.5,18.2,-3.4
215,6.3,1.7,18.2,-3.3
216,-0.8,4.2,18.2,-3.5
217,-1.4,-4.0,18.2,-3.5
218,-4.7,0.9,18.2,-3.5
219,-3.4,-2.7,18.2,-3.5
220,-2.4,-10.1,18.2,-2.8
221,6.6,-8.6,18.2,-2.8
222,11.0,-0.3,18.2,-2.7
223,7.1,8.4,18.2,-2.7
224,-2.4,10.3,18.2,-2.8
225,-10.1,3.6,18.2,-2.8
226,-12.1,-5.5,18.2,-2.4
227,-3.3,3.0,18.2,-3.5
228,-7.1,-8.1,18.2,-2.8
229,2.4,-10.6,18.2,-2.8
230,9.4,-5.1,18.2,-2.8
231,10.1,4.5,18.2,-2.7
232,2.5,10.4,18.2,-2.8
233,-6.9,7.6,18.2,-2.8
234,-11.9,-0.8,18.2,-2.6
235,4.0,3.6,9.1,-2.7
236,1.8,5.8,9.1,-2.7
237,1.5,-2.5,9.1,-2.7
238,7.3,-0.5,9.1,-2.7
239,6.2,-2.9,9.1,-2.7
240,4.4,-3.5,9.1,-2.7
241,6.3,1.7,9.1,-2.7
242,-0.8,4.2,9.1,-2.7
243,-1.4,-4.0,9.1,-2.7
244,-4.7,0.9,9.1,-2.7
245,-3.4,-2.7,9.1,-2.7
246,-2.4,-10.1,9.1,-2.6
247,6.6,-8.6,9.1,-2.6
248,11.0,-0.3,9.1,-2.6
249,7.1,8.4,9.1,-2.6
250,-2.4,10.3,9.1,-2.6
251,-10.1,3.6,9.1,-2.6
252,-12.1,-5.5,9.1,-2.5
253,-3.3,3.0,9.1,-2.7
254,-7.1,-8.1,9.1,-2.6
255,2.4,-10.6,9.1,-2.6
256,9.4,-5.1,9.1,-2.6
257,10.1,4.5,9.1,-2.6
258,2.5,10.4,9.1,-2.6
259,-6.9,7.6,9.1,-2.6
260,-11.9,-0.8,9.1,-2.6
261,-11.9,-0.8,80.0,-2.4
262,-6.9,7.6,80.0,-2.4
263,2.5,10.4,80.0,-2.4
264,10.1,4.5,80.0,-2.4
265,9.4,-5.1,80.0,-2.4
266,2.4,-10.6,80.0,-2.4
267,-7.1,-8.1,80.0,-2.4
268,-3.3,3.0,80.0,-2.3
269,-12.1,-5.5,80.0,-2.4
270,-10.1,3.6,80.0,-2.4
271,-2.4,10.3,80.0,-2.4
272,7.1,8.4,80.0,-2.4
273,11.0,-0.3,80.0,-2.4
274,6.6,-8.6,80.0,-2.4
275,-2.4,-10.1,80.0,-2.4
276,-3.4,-2.7,80.0,-2.3
277,-4.7,0.9,80.0,-2.3
278,-1.4,-4.0,80.0,-2.3
279,-0.8,4.2,80.0,-2.3
280,6.3,1.7,80.0,-2.3
281,4.4,-3.5,80.0,-2.3
282,6.2,-2.9,80.0,-2.3
283,7.3,-0.5,80.0,-2.3
284,1.5,-2.5,80.0,-2.3
285,1.8,5.8,80.0,-2.3
286,4.0,3.6,80.0,-2.3
287,4.0,3.6,0.0,-2.1
288,1.8,5.8,0.0,-2.1
289,1.5,-2.5,0.0,-2.1
290,7.3,-0.5,0.0,-2.1
291,6.2,-2.9,0.0,-2.1
292,4.4,-3.5,0.0,-2.1
293,6.3,1.7,0.0,-2.1
294,-0.8,4.2,0.0,-2.1
295,-1.4,-4.0,0.0,-2.1
296,-4.7,0.9,0.0,-2.1
297,-3.4,-2.7,0.0,-2.2
298,-2.4,-10.1,0.0,-1.9
299,6.6,-8.6,0.0,-1.8
300,11.0,-0.3,0.0,-1.8
301,7.1,8.4,0.0,-1.9
302,-2.4,10.3,0.0,-1.9
303,-10.1,3.6,0.0,-1.9
304,-12.1,-5.5,0.0,-1.8
305,-3.3,3.0,0.0,-2.1
306,-7.1,-8.1,0.0,-1.9
307,2.4,-10.6,0.0,-1.9
308,9.4,-5.1,0.0,-1.8
309,10.1,4.5,0.0,-1.8
310,2.5,10.4,0.0,-1.8
311,-6.9,7.6,0.0,-1.9
312,-11.9,-0.8,0.0,-1.9
313,-18.0,-8.7,0.0,-3.3
314,-12.5,-15.6,0.0,-3.2
315,-4.5,-19.5,0.0,-3.1
316,4.5,-19.5,0.0,-3.2
317,12.5,-15.6,0.0,-3.2
318,18.0,-8.7,0.0,-3.2
319,20.0,0.0,0.0,-3.2
320,18.0,8.7,0.0,-3.2
321,12.5,15.6,0.0,-3.2
322,4.5,19.5,0.0,-3.2
323,-4.5,19.5,0.0,-3.1
324,-12.5,15.6,0.0,-3.1
325,-20.0,0.0,0.0,-3.2
326,-18.0,8.7,0.0,-3.2
327,-20.0,0.0,27.4,0.4
328,-18.0,8.7,27.4,0.4
329,-12.5,15.6,27.4,0.4
330,-4.5,19.5,27.4,0.4
331,4.5,19.5,27.4,0.3
332,12.5,15.6,27.4,0.4
333,18.0,8.7,27.4,0.3
334,20.0,0.0,27.4,0.3
335,18.0,-8.7,27.4,0.3
336,12.5,-15.6,27.4,0.3
337,4.5,-19.5,27.4,0.4
338,-4.5,-19.5,27.4,0.4
339,-12.5,-15.6,27.4,0.4
340,-18.0,-8.7,27.4,0.2
341,-15.9,7.7,30.3,1.1
342,-17.7,0.0,30.3,1.1
343,-11.0,13.8,30.3,1.1
344,-3.9,17.2,30.3,1.1
345,3.9,17.2,30.3,1.1
346,11.0,13.8,30.3,1.1
347,15.9,7.7,30.3,1.1
348,17.7,0.0,30.3,1.1
349,15.9,-7.7,30.3,1.1
350,11.0,-13.8,30.3,1.1
351,3.9,-17.2,30.3,1.0
352,-3.9,-17.2,30.3,1.1
353,-11.0,-13.8,30.3,1.0
354,-15.9,-7.7,30.3,1.1
355,-18.0,-8.7,18.2,-1.6
356,-12.5,-15.6,18.2,-1.6
357,-4.5,-19.5,18.2,-1.6
358,4.5,-19.5,18.2,-1.6
359,12.5,-15.6,18.2,-1.6
360,18.0,-8.7,18.2,-1.6
361,20.0,0.0,18.2,-1.6
362,18.0,8.7,18.2,-1.6
363,12.5,15.6,18.2,-1.6
364,4.5,19.5,18.2,-1.6
365,-4.5,19.5,18.2,-1.6
366,-12.5,15.6,18.2,-1.6
367,-18.0,8.7,18.2,-1.6
368,-18.0,-8.7,9.1,-1.9
369,-12.5,-15.6,9.1,-2.0
370,-4.5,-19.5,9.1,-2.0
371,4.5,-19.5,9.1,-2.0
372,12.5,-15.6,9.1,-2.0
373,18.0,-8.7,9.1,-2.0
374,20.0,0.0,9.1,-2.0
375,18.0,8.7,9.1,-2.0
376,12.5,15.6,9.1,-2.0
377,4.5,19.5,9.1,-2.0
378,-4.5,19.5,9.1,-2.0
379,-12.5,15.6,9.1,-2.0
380,-18.0,8.7,9.1,-2.0
381,-20.0,0.0,18.2,-1.6
382,-20.0,0.0,9.1,-2.0
383,-9.9,-4.8,44.3,-9.5
384,-6.8,-8.6,44.3,-9.5
385,-2.4,-10.7,44.3,-9.4
386,2.4,-10.7,44.3,-9.4
387,6.8,-8.6,44.3,-9.4
388,9.9,-4.8,44.3,-9.4
389,11.0,0.0,44.3,-9.5
390,9.9,4.8,44.3,-9.5
391,6.8,8.6,44.3,-9.5
392,2.4,10.7,44.3,-9.5
393,-2.4,10.7,44.3,-9.4
394,-6.8,8.6,44.3,-9.5
395,-9.9,4.8,44.3,-9.4
396,-9.9,-4.8,35.7,-9.4
397,-6.8,-8.6,35.7,-9.4
398,-2.4,-10.7,35.7,-9.4
399,2.4,-10.7,35.7,-9.4
400,6.8,-8.6,35.7,-9.4
401,9.9,-4.8,35.7,-9.4
402,11.0,0.0,35.7,-9.4
403,9.9,4.8,35.7,-9.4
404,6.8,8.6,35.7,-9.4
405,2.4,10.7,35.7,-9.4
406,-2.4,10.7,35.7,-9.4
407,-6.8,8.6,35.7,-9.4
408,-9.9,4.8,35.7,-9.4
409,-11.0,-13.8,49.7,1.0
410,-15.9,-7.7,49.7,1.1
411,-3.9,-17.2,49.7,1.1
412,3.9,-17.2,49.7,1.0
413,11.0,-13.8,49.7,1.1
414,15.9,-7.7,49.7,1.1
415,17.7,0.0,49.7,1.1
416,15.9,7.7,49.7,1.1
417,11.0,13.8,49.7,1.1
418,3.9,17.2,49.7,1.1
419,-3.9,17.2,49.7,1.0
420,-11.0,13.8,49.7,1.0
421,-15.9,7.7,49.7,1.1
422,-17.7,0.0,49.7,1.1
423,-11.0,0.0,44.3,-9.5
424,-11.0,0.0,35.7,-9.4
425,-18.0,-8.7,70.9,-2.3
426,-12.5,-15.6,70.9,-2.3
427,-4.5,-19.5,70.9,-2.3
428,4.5,-19.5,70.9,-2.3
429,12.5,-15.6,70.9,-2.3
430,18.0,-8.7,70.9,-2.3
431,20.0,0.0,70.9,-2.3
432,18.0,8.7,70.9,-2.3
433,12.5,15.6,70.9,-2.3
434,4.5,19.5,70.9,-2.3
435,-4.5,19.5,70.9,-2.3
436,-12.5,15.6,70.9,-2.3
437,-18.0,8.7,70.9,-2.3
438,-18.0,-8.7,61.8,-1.7
439,-12.5,-15.6,61.8,-1.7
440,-4.5,-19.5,61.8,-1.7
441,4.5,-19.5,61.8,-1.7
442,12.5,-15.6,61.8,-1.7
443,18.0,-8.7,61.8,-1.7
444,20.0,0.0,61.8,-1.7
445,18.0,8.7,61.8,-1.7
446,12.5,15.6,61.8,-1.7
447,4.5,19.5,61.8,-1.7
448,-4.5,19.5,61.8,-1.7
449,-12.5,15.6,61.8,-1.7
450,-18.0,8.7,61.8,-1.7
451,-18.0,-8.7,80.0,-2.4
452,-18.0,-8.7,52.6,0.2
453,-20.0,0.0,80.0,-2.4
454,-20.0,0.0,70.9,-2.3
455,-20.0,0.0,61.8,-1.7
456,-20.0,0.0,52.6,0.4
457,-12.5,-15.6,80.0,-2.4
458,-4.5,-19.5,80.0,-2.4
459,4.5,-19.5,80.0,-2.4
460,12.5,-15.6,80.0,-2.4
461,18.0,-8.7,80.0,-2.4
462,20.0,0.0,80.0,-2.4
463,18.0,8.7,80.0,-2.4
464,12.5,15.6,80.0,-2.4
465,4.5,19.5,80.0,-2.4
466,-4.5,19.5,80.0,-2.4
467,-12.5,15.6,80.0,-2.4
468,-18.0,8.7,80.0,-2.4
469,-12.5,-15.6,52.6,0.4
470,-4.5,-19.5,52.6,0.4
471,4.5,-19.5,52.6,0.4
472,12.5,-15.6,52.6,0.3
473,18.0,-8.7,52.6,0.3
474,20.0,0.0,52.6,0.3
475,18.0,8.7,52.6,0.3
476,12.5,15.6,52.6,0.3
477,4.5,19.5,52.6,0.3
478,-4.5,19.5,52.6,0.4
479,-12.5,15.6,52.6,0.4
480,-18.0,8.7,52.6,0.3
481,2.9,4.7,70.9,-2.6
482,2.8,0.6,70.9,-2.6
483,5.2,2.6,70.9,-2.6
484,5.5,6.0,70.9,-2.5
485,4.0,3.6,66.3,-2.9
486,4.0,3.6,75.4,-2.5
487,0.5,5.0,70.9,-2.6
488,2.1,8.1,70.9,-2.5
489,1.8,5.8,66.3,-2.9
490,1.8,5.8,75.4,-2.4
491,3.0,-3.0,70.9,-2.6
492,0.4,0.9,70.9,-2.6
493,0.1,-3.2,70.9,-2.6
494,2.0,-6.5,70.9,-2.5
495,1.5,-2.5,66.3,-3.1
496,1.5,-2.5,75.4,-2.5
497,6.7,-1.7,70.9,-2.5
498,6.8,0.6,70.9,-2.5
499,9.1,-0.4,70.9,-2.5
500,7.3,-0.5,66.3,-2.8
501,7.3,-0.5,75.4,-2.4
502,5.3,-3.2,70.9,-2.5
503,7.8,-4.0,70.9,-2.5
504,6.2,-2.9,66.3,-2.8
505,6.2,-2.9,75.4,-2.4
506,5.3,-0.9,70.9,-2.5
507,5.5,-6.0,70.9,-2.5
508,4.4,-3.5,66.3,-2.9
509,4.4,-3.5,75.4,-2.4
510,8.2,3.1,70.9,-2.5
511,6.3,1.7,66.3,-2.9
512,6.3,1.7,75.4,-2.4
513,-1.6,7.3,70.9,-2.5
514,-2.0,3.6,70.9,-2.6
515,-0.8,4.2,66.3,-3.0
516,-0.8,4.2,75.4,-2.5
517,-2.4,-3.4,70.9,-2.6
518,-1.9,-7.1,70.9,-2.5
519,-2.4,-0.5,70.9,-2.6
520,-1.4,-4.0,66.3,-3.0
521,-1.4,-4.0,75.4,-2.5
522,-4.0,-0.9,70.9,-2.6
523,-7.4,2.2,70.9,-2.5
524,-4.0,1.9,70.9,-2.6
525,-4.7,0.9,66.3,-3.0
526,-4.7,0.9,75.4,-2.5
527,-5.2,-5.4,70.9,-2.5
528,-7.6,-1.8,70.9,-2.5
529,-3.4,-2.7,66.3,-3.0
530,-3.4,-2.7,75.4,-2.5
531,-4.8,-9.1,70.9,-2.4
532,0.0,-10.4,70.9,-2.4
533,-2.4,-10.1,66.3,-2.6
534,-2.4,-10.1,75.4,-2.4
535,-3.4,-14.8,70.9,-2.4
536,4.5,-9.6,70.9,-2.4
537,8.0,-6.8,70.9,-2.4
538,6.6,-8.6,66.3,-2.5
539,6.6,-8.6,75.4,-2.4
540,9.5,-12.1,70.9,-2.4
541,10.2,-2.7,70.9,-2.4
542,10.5,2.1,70.9,-2.4
543,11.0,-0.3,66.3,-2.5
544,11.0,-0.3,75.4,-2.4
545,15.5,-0.2,70.9,-2.4
546,8.6,6.5,70.9,-2.4
547,4.8,9.4,70.9,-2.4
548,7.1,8.4,66.3,-2.5
549,7.1,8.4,75.4,-2.4
550,9.8,12.0,70.9,-2.4
551,0.0,10.3,70.9,-2.4
552,-4.6,9.0,70.9,-2.4
553,-2.4,10.3,66.3,-2.6
554,-2.4,10.3,75.4,-2.4
555,-3.4,14.9,70.9,-2.4
556,-8.5,5.6,70.9,-2.4
557,-11.0,1.4,70.9,-2.4
558,-10.1,3.6,66.3,-2.5
559,-10.1,3.6,75.4,-2.4
560,-14.1,6.1,70.9,-2.4
561,-9.6,-6.8,70.9,-2.4
562,-12.0,-3.2,70.9,-2.4
563,-12.1,-5.5,66.3,-2.3
564,-12.1,-5.5,75.4,-2.4
565,-15.0,-7.1,70.9,-2.3
566,-5.1,5.3,70.9,-2.5
567,-3.3,3.0,66.3,-3.0
568,-3.3,3.0,75.4,-2.5
569,-7.1,-8.1,66.3,-2.5
570,-7.1,-8.1,75.4,-2.4
571,-9.8,-11.9,70.9,-2.4
572,2.4,-10.6,66.3,-2.5
573,2.4,-10.6,75.4,-2.4
574,3.4,-15.1,70.9,-2.4
575,9.4,-5.1,66.3,-2.5
576,9.4,-5.1,75.4,-2.4
577,13.7,-6.9,70.9,-2.4
578,10.1,4.5,66.3,-2.5
579,10.1,4.5,75.4,-2.4
580,14.0,6.6,70.9,-2.4
581,2.5,10.4,66.3,-2.5
582,2.5,10.4,75.4,-2.4
583,3.5,14.9,70.9,-2.4
584,-6.9,7.6,66.3,-2.6
585,-6.9,7.6,75.4,-2.4
586,-9.7,11.6,70.9,-2.4
587,-11.9,-0.8,66.3,-2.5
588,-11.9,-0.8,75.4,-2.4
589,-15.9,-0.4,70.9,-2.3
590,2.9,4.7,61.8,-3.3
591,2.8,0.6,61.8,-3.4
592,5.2,2.6,61.8,-3.3
593,5.5,6.0,61.8,-3.0
594,4.0,3.6,57.2,-4.3
595,0.5,5.0,61.8,-3.3
596,2.1,8.1,61.8,-3.0
597,1.8,5.8,57.2,-4.2
598,3.0,-3.0,61.8,-3.4
599,0.4,0.9,61.8,-3.5
600,0.1,-3.2,61.8,-3.5
601,2.0,-6.5,61.8,-3.1
602,1.5,-2.5,57.2,-4.5
603,6.7,-1.7,61.8,-3.1
604,6.8,0.6,61.8,-3.1
605,9.1,-0.4,61.8,-2.9
606,7.3,-0.5,57.2,-4.0
607,5.3,-3.2,61.8,-3.2
608,7.8,-4.0,61.8,-2.9
609,6.2,-2.9,57.2,-4.1
610,5.3,-0.9,61.8,-3.2
611,5.5,-6.0,61.8,-3.0
612,4.4,-3.5,57.2,-4.3
613,8.2,3.1,61.8,-2.9
614,6.3,1.7,57.2,-4.1
615,-1.6,7.3,61.8,-3.1
616,-2.0,3.6,61.8,-3.4
617,-0.8,4.2,57.2,-4.4
618,-2.4,-3.4,61.8,-3.4
619,-1.9,-7.1,61.8,-3.1
620,-2.4,-0.5,61.8,-3.4
621,-1.4,-4.0,57.2,-4.4
622,-4.0,-0.9,61.8,-3.4
623,-7.4,2.2,61.8,-3.0
624,-4.0,1.9,61.8,-3.4
625,-4.7,0.9,57.2,-4.4
626,-5.2,-5.4,61.8,-3.0
627,-7.6,-1.8,61.8,-3.0
628,-3.4,-2.7,57.2,-4.6
629,-4.8,-9.1,61.8,-2.7
630,0.0,-10.4,61.8,-2.7
631,-2.4,-10.1,57.2,-3.3
632,-3.4,-14.8,61.8,-2.2
633,4.5,-9.6,61.8,-2.7
634,8.0,-6.8,61.8,-2.7
635,6.6,-8.6,57.2,-3.1
636,9.5,-12.1,61.8,-2.2
637,10.2,-2.7,61.8,-2.7
638,10.5,2.1,61.8,-2.7
639,11.0,-0.3,57.2,-3.1
640,15.5,-0.2,61.8,-2.2
641,8.6,6.5,61.8,-2.7
642,4.8,9.4,61.8,-2.7
643,7.1,8.4,57.2,-3.1
644,9.8,12.0,61.8,-2.2
645,0.0,10.3,61.8,-2.7
646,-4.6,9.0,61.8,-2.7
647,-2.4,10.3,57.2,-3.2
648,-3.4,14.9,61.8,-2.2
649,-8.5,5.6,61.8,-2.7
650,-11.0,1.4,61.8,-2.6
651,-10.1,3.6,57.2,-3.2
652,-14.1,6.1,61.8,-2.2
653,-9.6,-6.8,61.8,-2.5
654,-12.0,-3.2,61.8,-2.5
655,-12.1,-5.5,57.2,-2.4
656,-15.0,-7.1,61.8,-2.0
657,-5.1,5.3,61.8,-3.1
658,-3.3,3.0,57.2,-4.4
659,-7.1,-8.1,57.2,-3.2
660,-9.8,-11.9,61.8,-2.2
661,2.4,-10.6,57.2,-3.2
662,3.4,-15.1,61.8,-2.2
663,9.4,-5.1,57.2,-3.1
664,13.7,-6.9,61.8,-2.2
665,10.1,4.5,57.2,-3.1
666,14.0,6.6,61.8,-2.2
667,2.5,10.4,57.2,-3.2
668,3.5,14.9,61.8,-2.2
669,-6.9,7.6,57.2,-3.3
670,-9.7,11.6,61.8,-2.2
671,-11.9,-0.8,57.2,-2.9
672,-15.9,-0.4,61.8,-2.1
673,2.9,4.7,52.6,-5.2
674,2.8,0.6,52.6,-5.3
675,5.2,2.6,52.6,-5.1
676,5.5,6.0,52.6,-4.4
677,3.9,3.5,50.8,-5.5
678,0.5,5.0,52.6,-5.3
679,2.1,8.1,52.6,-4.4
680,1.7,5.7,50.8,-5.4
681,3.0,-3.0,52.6,-5.3
682,0.4,0.9,52.6,-5.4
683,0.1,-3.2,52.6,-5.4
684,2.0,-6.5,52.6,-4.6
685,1.5,-2.4,50.8,-5.6
686,6.7,-1.7,52.6,-5.0
687,6.8,0.6,52.6,-5.0
688,9.1,-0.4,52.6,-4.2
689,7.1,-0.5,50.8,-5.3
690,5.3,-3.2,52.6,-5.1
691,7.8,-4.0,52.6,-4.3
692,6.0,-2.8,50.8,-5.3
693,5.3,-0.9,52.6,-5.2
694,5.5,-6.0,52.6,-4.4
695,4.3,-3.4,50.8,-5.4
696,8.2,3.1,52.6,-4.3
697,6.1,1.6,50.8,-5.4
698,-1.6,7.3,52.6,-4.5
699,-2.0,3.6,52.6,-5.3
700,-0.7,4.1,50.8,-5.6
701,-2.4,-3.4,52.6,-5.5
702,-1.9,-7.1,52.6,-4.6
703,-2.4,-0.5,52.6,-5.3
704,-1.4,-3.9,50.8,-5.6
705,-4.0,-0.9,52.6,-5.5
706,-7.4,2.2,52.6,-4.5
707,-4.0,1.9,52.6,-5.3
708,-4.5,0.9,50.8,-5.6
709,-5.2,-5.4,52.6,-4.7
710,-7.6,-1.8,52.6,-4.5
711,-3.3,-2.6,50.8,-5.6
712,-4.8,-9.1,52.6,-3.7
713,0.0,-10.4,52.6,-3.8
714,-2.3,-9.8,50.8,-4.7
715,-3.4,-14.8,52.6,-1.7
716,4.5,-9.6,52.6,-3.6
717,8.0,-6.8,52.6,-3.6
718,6.4,-8.3,50.8,-4.5
719,9.5,-12.1,52.6,-1.6
720,10.2,-2.7,52.6,-3.5
721,10.5,2.1,52.6,-3.5
722,10.6,-0.3,50.8,-4.4
723,15.5,-0.2,52.6,-1.6
724,8.6,6.5,52.6,-3.5
725,4.8,9.4,52.6,-3.6
726,6.8,8.1,50.8,-4.4
727,9.8,12.0,52.6,-1.6
728,0.0,10.3,52.6,-3.7
729,-4.6,9.0,52.6,-3.8
730,-2.3,10.0,50.8,-4.6
731,-3.4,14.9,52.6,-1.7
732,-8.5,5.6,52.6,-3.8
733,-11.0,1.4,52.6,-3.5
734,-9.8,3.4,50.8,-4.5
735,-14.1,6.1,52.6,-1.7
736,-9.6,-6.8,52.6,-3.1
737,-12.0,-3.2,52.6,-2.9
738,-11.7,-5.4,50.8,-3.1
739,-15.0,-7.1,52.6,-1.1
740,-5.1,5.3,52.6,-4.6
741,-3.2,2.9,50.8,-5.5
742,-6.9,-7.9,50.8,-4.5
743,-9.8,-11.9,52.6,-1.6
744,2.3,-10.3,50.8,-4.5
745,3.4,-15.1,52.6,-1.7
746,9.1,-4.9,50.8,-4.5
747,13.7,-6.9,52.6,-1.6
748,9.7,4.4,50.8,-4.4
749,14.0,6.6,52.6,-1.6
750,2.4,10.0,50.8,-4.5
751,3.5,14.9,52.6,-1.7
752,-6.6,7.4,50.8,-4.8
753,-9.7,11.6,52.6,-1.7
754,-11.5,-0.8,50.8,-4.0
755,-15.9,-0.4,52.6,-1.5
756,2.6,4.2,49.7,-5.7
757,2.5,0.5,49.7,-5.8
758,4.6,2.3,49.7,-5.7
759,4.9,5.3,49.7,-5.5
760,2.8,2.5,47.8,-6.4
761,0.5,4.4,49.7,-5.8
762,1.9,7.2,49.7,-5.6
763,1.2,4.0,47.8,-6.4
764,2.6,-2.6,49.7,-5.8
765,0.3,0.8,49.7,-5.8
766,0.1,-2.9,49.7,-5.8
767,1.7,-5.8,49.7,-5.6
768,1.1,-1.7,47.8,-6.3
769,6.0,-1.5,49.7,-5.7
770,6.0,0.5,49.7,-5.7
771,8.1,-0.4,49.7,-5.5
772,5.0,-0.4,47.8,-6.4
773,4.7,-2.8,49.7,-5.6
774,6.9,-3.5,49.7,-5.5
775,4.2,-2.0,47.8,-6.4
776,4.7,-0.8,49.7,-5.7
777,4.9,-5.3,49.7,-5.5
778,3.0,-2.4,47.8,-6.3
779,7.2,2.7,49.7,-5.5
780,4.3,1.1,47.8,-6.4
781,-1.4,6.4,49.7,-5.7
782,-1.8,3.2,49.7,-5.8
783,-0.5,2.9,47.8,-6.4
784,-2.1,-3.0,49.7,-5.6
785,-1.7,-6.3,49.7,-5.7
786,-2.1,-0.5,49.7,-5.8
787,-1.0,-2.8,47.8,-6.4
788,-3.6,-0.8,49.7,-5.6
789,-6.6,2.0,49.7,-5.6
790,-3.5,1.7,49.7,-5.8
791,-3.2,0.6,47.8,-6.4
792,-4.6,-4.8,49.7,-5.4
793,-6.7,-1.6,49.7,-5.1
794,-2.3,-1.9,47.8,-6.2
795,-4.2,-8.1,49.7,-5.5
796,0.0,-9.2,49.7,-5.4
797,-1.7,-6.9,47.8,-6.5
798,-3.0,-13.1,49.7,-2.2
799,4.0,-8.5,49.7,-5.4
800,7.1,-6.0,49.7,-5.4
801,4.5,-5.9,47.8,-6.5
802,8.4,-10.7,49.7,-2.2
803,9.0,-2.4,49.7,-5.3
804,9.3,1.9,49.7,-5.3
805,7.5,-0.2,47.8,-6.4
806,13.7,-0.1,49.7,-2.1
807,7.6,5.7,49.7,-5.3
808,4.2,8.3,49.7,-5.4
809,4.8,5.8,47.8,-6.5
810,8.6,10.6,49.7,-2.1
811,0.0,9.1,49.7,-5.5
812,-4.1,7.9,49.7,-5.6
813,-1.7,7.1,47.8,-6.5
814,-3.0,13.2,49.7,-2.2
815,-7.5,5.0,49.7,-5.5
816,-9.7,1.2,49.7,-5.1
817,-7.0,2.4,47.8,-6.5
818,-12.5,5.4,49.7,-2.2
819,-8.5,-6.0,49.7,-4.6
820,-10.6,-2.8,49.7,-4.3
821,-8.3,-3.8,47.8,-6.0
822,-13.3,-6.3,49.7,-1.3
823,-4.5,4.7,49.7,-5.7
824,-2.3,2.1,47.8,-6.3
825,-4.9,-5.6,47.8,-6.5
826,-8.7,-10.5,49.7,-2.2
827,1.6,-7.3,47.8,-6.5
828,3.0,-13.3,49.7,-2.1
829,6.5,-3.5,47.8,-6.5
830,12.1,-6.1,49.7,-2.2
831,6.9,3.1,47.8,-6.5
832,12.4,5.8,49.7,-2.1
833,1.7,7.1,47.8,-6.5
834,3.1,13.2,49.7,-2.2
835,-4.7,5.2,47.8,-6.6
836,-8.5,10.3,49.7,-2.3
837,-8.1,-0.6,47.8,-6.3
838,-14.1,-0.4,49.7,-1.9
839,1.6,2.6,44.3,-7.0
840,1.5,0.3,44.3,-6.9
841,2.8,1.5,44.3,-7.0
842,3.0,3.3,44.3,-7.3
843,2.0,1.8,40.0,-7.0
844,0.3,2.8,44.3,-7.0
845,1.2,4.4,44.3,-7.3
846,0.9,2.9,40.0,-7.1
847,1.6,-1.6,44.3,-6.9
848,0.2,0.5,44.3,-6.9
849,0.0,-1.8,44.3,-6.9
850,1.1,-3.6,44.3,-7.2
851,0.8,-1.2,40.0,-6.8
852,3.7,-0.9,44.3,-7.2
853,3.7,0.3,44.3,-7.2
854,5.0,-0.2,44.3,-7.4
855,3.7,-0.3,40.0,-7.2
856,2.9,-1.7,44.3,-7.1
857,4.3,-2.2,44.3,-7.4
858,3.1,-1.4,40.0,-7.2
859,2.9,-0.5,44.3,-7.1
860,3.0,-3.3,44.3,-7.3
861,2.2,-1.7,40.0,-7.1
862,4.5,1.7,44.3,-7.4
863,3.1,0.8,40.0,-7.1
864,-0.9,4.0,44.3,-7.2
865,-1.1,2.0,44.3,-6.9
866,-0.4,2.1,40.0,-6.9
867,-1.3,-1.8,44.3,-7.0
868,-1.0,-3.9,44.3,-7.2
869,-1.3,-0.3,44.3,-6.9
870,-0.7,-2.0,40.0,-6.9
871,-2.2,-0.5,44.3,-7.0
872,-4.1,1.2,44.3,-7.3
873,-2.2,1.1,44.3,-7.0
874,-2.3,0.4,40.0,-7.0
875,-2.9,-3.0,44.3,-7.3
876,-4.2,-1.0,44.3,-7.4
877,-1.7,-1.3,40.0,-7.0
878,-2.6,-5.0,44.3,-7.6
879,0.0,-5.7,44.3,-7.6
880,-1.2,-5.1,40.0,-7.5
881,-1.9,-8.1,44.3,-8.5
882,2.5,-5.3,44.3,-7.6
883,4.4,-3.7,44.3,-7.6
884,3.3,-4.3,40.0,-7.6
885,5.2,-6.6,44.3,-8.5
886,5.6,-1.5,44.3,-7.6
887,5.8,1.1,44.3,-7.6
888,5.5,-0.2,40.0,-7.6
889,8.5,-0.1,44.3,-8.5
890,4.7,3.5,44.3,-7.6
891,2.6,5.2,44.3,-7.6
892,3.5,4.2,40.0,-7.7
893,5.4,6.6,44.3,-8.6
894,0.0,5.7,44.3,-7.6
895,-2.5,4.9,44.3,-7.5
896,-1.2,5.2,40.0,-7.6
897,-1.9,8.2,44.3,-8.5
898,-4.7,3.1,44.3,-7.5
899,-6.0,0.8,44.3,-7.7
900,-5.1,1.8,40.0,-7.6
901,-7.7,3.4,44.3,-8.5
902,-5.3,-3.7,44.3,-7.9
903,-6.6,-1.7,44.3,-8.1
904,-6.0,-2.8,40.0,-8.3
905,-8.3,-3.9,44.3,-8.9
906,-2.8,2.9,44.3,-7.2
907,-1.7,1.5,40.0,-7.0
908,-3.6,-4.1,40.0,-7.6
909,-5.4,-6.5,44.3,-8.5
910,1.2,-5.3,40.0,-7.7
911,1.9,-8.3,44.3,-8.5
912,4.7,-2.5,40.0,-7.6
913,7.5,-3.8,44.3,-8.5
914,5.0,2.3,40.0,-7.6
915,7.7,3.6,44.3,-8.6
916,1.2,5.2,40.0,-7.6
917,1.9,8.2,44.3,-8.5
918,-3.4,3.8,40.0,-7.5
919,-5.3,6.4,44.3,-8.5
920,-5.9,-0.4,40.0,-7.9
921,-8.7,-0.2,44.3,-8.7
922,1.6,2.6,35.7,-7.1
923,1.5,0.3,35.7,-6.9
924,2.8,1.5,35.7,-7.1
925,3.0,3.3,35.7,-7.3
926,2.8,2.5,32.2,-6.4
927,0.3,2.8,35.7,-7.0
928,1.2,4.4,35.7,-7.3
929,1.2,4.0,32.2,-6.4
930,1.6,-1.6,35.7,-6.9
931,0.2,0.5,35.7,-6.9
932,0.0,-1.8,35.7,-6.9
933,1.1,-3.6,35.7,-7.2
934,1.1,-1.7,32.2,-6.4
935,3.7,-0.9,35.7,-7.2
936,3.7,0.3,35.7,-7.2
937,5.0,-0.2,35.7,-7.4
938,5.0,-0.4,32.2,-6.5
939,2.9,-1.7,35.7,-7.1
940,4.3,-2.2,35.7,-7.4
941,4.2,-2.0,32.2,-6.4
942,2.9,-0.5,35.7,-7.1
943,3.0,-3.3,35.7,-7.3
944,3.0,-2.4,32.2,-6.4
945,4.5,1.7,35.7,-7.4
946,4.3,1.1,32.2,-6.4
947,-0.9,4.0,35.7,-7.3
948,-1.1,2.0,35.7,-6.9
949,-0.5,2.9,32.2,-6.4
950,-1.3,-1.8,35.7,-7.0
951,-1.0,-3.9,35.7,-7.2
952,-1.3,-0.3,35.7,-7.0
953,-1.0,-2.8,32.2,-6.4
954,-2.2,-0.5,35.7,-7.0
955,-4.1,1.2,35.7,-7.3
956,-2.2,1.1,35.7,-7.0
957,-3.2,0.6,32.2,-6.4
958,-2.9,-3.0,35.7,-7.3
959,-4.2,-1.0,35.7,-7.4
960,-2.3,-1.9,32.2,-6.2
961,-2.6,-5.0,35.7,-7.6
962,0.0,-5.7,35.7,-7.6
963,-1.7,-6.9,32.2,-6.6
964,-1.9,-8.1,35.7,-8.5
965,2.5,-5.3,35.7,-7.6
966,4.4,-3.7,35.7,-7.6
967,4.5,-5.9,32.2,-6.5
968,5.2,-6.6,35.7,-8.5
969,5.6,-1.5,35.7,-7.6
970,5.8,1.1,35.7,-7.6
971,7.5,-0.2,32.2,-6.5
972,8.5,-0.1,35.7,-8.5
973,4.7,3.5,35.7,-7.7
974,2.6,5.2,35.7,-7.6
975,4.8,5.8,32.2,-6.5
976,5.4,6.6,35.7,-8.5
977,0.0,5.7,35.7,-7.6
978,-2.5,4.9,35.7,-7.5
979,-1.7,7.1,32.2,-6.5
980,-1.9,8.2,35.7,-8.5
981,-4.7,3.1,35.7,-7.5
982,-6.0,0.8,35.7,-7.7
983,-7.0,2.4,32.2,-6.5
984,-7.7,3.4,35.7,-8.5
985,-5.3,-3.7,35.7,-8.0
986,-6.6,-1.7,35.7,-8.1
987,-8.3,-3.8,32.2,-6.0
988,-8.3,-3.9,35.7,-8.9
989,-2.8,2.9,35.7,-7.2
990,-2.3,2.1,32.2,-6.4
991,-4.9,-5.6,32.2,-6.5
992,-5.4,-6.5,35.7,-8.5
993,1.6,-7.3,32.2,-6.5
994,1.9,-8.3,35.7,-8.5
995,6.5,-3.5,32.2,-6.5
996,7.5,-3.8,35.7,-8.5
997,6.9,3.1,32.2,-6.5
998,7.7,3.6,35.7,-8.5
999,1.7,7.1,32.2,-6.5
1000,1.9,8.2,35.7,-8.5
1001,-4.7,5.2,32.2,-6.6
1002,-5.3,6.4,35.7,-8.5
1003,-8.1,-0.6,32.2,-6.3
1004,-8.7,-0.2,35.7,-8.7
1005,2.6,4.2,30.3,-5.8
1006,2.5,0.5,30.3,-5.9
1007,4.6,2.3,30.3,-5.8
1008,4.9,5.3,30.3,-5.6
1009,3.9,3.5,29.2,-5.5
1010,0.5,4.4,30.3,-5.8
1011,1.9,7.2,30.3,-5.6
1012,1.7,5.7,29.2,-5.5
1013,2.6,-2.6,30.3,-5.8
1014,0.3,0.8,30.3,-5.9
1015,0.1,-2.9,30.3,-5.9
1016,1.7,-5.8,30.3,-5.6
1017,1.5,-2.4,29.2,-5.7
1018,6.0,-1.5,30.3,-5.7
1019,6.0,0.5,30.3,-5.7
1020,8.1,-0.4,30.3,-5.5
1021,7.1,-0.5,29.2,-5.3
1022,4.7,-2.8,30.3,-5.7
1023,6.9,-3.5,30.3,-5.5
1024,6.0,-2.8,29.2,-5.4
1025,4.7,-0.8,30.3,-5.7
1026,4.9,-5.3,30.3,-5.5
1027,4.3,-3.4,29.2,-5.5
1028,7.2,2.7,30.3,-5.5
1029,6.1,1.6,29.2,-5.4
1030,-1.4,6.4,30.3,-5.7
1031,-1.8,3.2,30.3,-5.8
1032,-0.7,4.1,29.2,-5.6
1033,-2.1,-3.0,30.3,-5.7
1034,-1.7,-6.3,30.3,-5.7
1035,-2.1,-0.5,30.3,-5.8
1036,-1.4,-3.9,29.2,-5.6
1037,-3.6,-0.8,30.3,-5.6
1038,-6.6,2.0,30.3,-5.6
1039,-3.5,1.7,30.3,-5.8
1040,-4.5,0.9,29.2,-5.6
1041,-4.6,-4.8,30.3,-5.4
1042,-6.7,-1.6,30.3,-5.1
1043,-3.3,-2.6,29.2,-5.6
1044,-4.2,-8.1,30.3,-5.5
1045,0.0,-9.2,30.3,-5.4
1046,-2.3,-9.8,29.2,-4.7
1047,-3.0,-13.1,30.3,-2.2
1048,4.0,-8.5,30.3,-5.4
1049,7.1,-6.0,30.3,-5.4
1050,6.4,-8.3,29.2,-4.5
1051,8.4,-10.7,30.3,-2.2
1052,9.0,-2.4,30.3,-5.3
1053,9.3,1.9,30.3,-5.3
1054,10.6,-0.3,29.2,-4.4
1055,13.7,-0.1,30.3,-2.1
1056,7.6,5.7,30.3,-5.3
1057,4.2,8.3,30.3,-5.4
1058,6.8,8.1,29.2,-4.4
1059,8.6,10.6,30.3,-2.1
1060,0.0,9.1,30.3,-5.5
1061,-4.1,7.9,30.3,-5.6
1062,-2.3,10.0,29.2,-4.6
1063,-3.0,13.2,30.3,-2.2
1064,-7.5,5.0,30.3,-5.5
1065,-9.7,1.2,30.3,-5.1
1066,-9.8,3.4,29.2,-4.5
1067,-12.5,5.4,30.3,-2.2
1068,-8.5,-6.0,30.3,-4.6
1069,-10.6,-2.8,30.3,-4.3
1070,-11.7,-5.4,29.2,-3.1
1071,-13.3,-6.3,30.3,-1.3
1072,-4.5,4.7,30.3,-5.7
1073,-3.2,2.9,29.2,-5.6
1074,-6.9,-7.9,29.2,-4.5
1075,-8.7,-10.5,30.3,-2.2
1076,2.3,-10.3,29.2,-4.5
1077,3.0,-13.3,30.3,-2.1
1078,9.1,-4.9,29.2,-4.5
1079,12.1,-6.1,30.3,-2.2
1080,9.7,4.4,29.2,-4.4
1081,12.4,5.8,30.3,-2.1
1082,2.4,10.0,29.2,-4.5
1083,3.1,13.2,30.3,-2.2
1084,-6.6,7.4,29.2,-4.8
1085,-8.5,10.3,30.3,-2.3
1086,-11.5,-0.8,29.2,-4.0
1087,-14.1,-0.4,30.3,-1.9
1088,2.9,4.7,27.4,-5.2
1089,2.8,0.6,27.4,-5.4
1090,5.2,2.6,27.4,-5.2
1091,5.5,6.0,27.4,-4.4
1092,4.0,3.6,22.8,-4.3
1093,0.5,5.0,27.4,-5.3
1094,2.1,8.1,27.4,-4.4
1095,1.8,5.8,22.8,-4.3
1096,3.0,-3.0,27.4,-5.4
1097,0.4,0.9,27.4,-5.4
1098,0.1,-3.2,27.4,-5.4
1099,2.0,-6.5,27.4,-4.6
1100,1.5,-2.5,22.8,-4.6
1101,6.7,-1.7,27.4,-5.0
1102,6.8,0.6,27.4,-5.0
1103,9.1,-0.4,27.4,-4.2
1104,7.3,-0.5,22.8,-4.1
1105,5.3,-3.2,27.4,-5.2
1106,7.8,-4.0,27.4,-4.3
1107,6.2,-2.9,22.8,-4.2
1108,5.3,-0.9,27.4,-5.2
1109,5.5,-6.0,27.4,-4.4
1110,4.4,-3.5,22.8,-4.3
1111,8.2,3.1,27.4,-4.3
1112,6.3,1.7,22.8,-4.2
1113,-1.6,7.3,27.4,-4.6
1114,-2.0,3.6,27.4,-5.4
1115,-0.8,4.2,22.8,-4.5
1116,-2.4,-3.4,27.4,-5.6
1117,-1.9,-7.1,27.4,-4.6
1118,-2.4,-0.5,27.4,-5.4
1119,-1.4,-4.0,22.8,-4.5
1120,-4.0,-0.9,27.4,-5.6
1121,-7.4,2.2,27.4,-4.5
1122,-4.0,1.9,27.4,-5.4
1123,-4.7,0.9,22.8,-4.4
1124,-5.2,-5.4,27.4,-4.7
1125,-7.6,-1.8,27.4,-4.5
1126,-3.4,-2.7,22.8,-4.6
1127,-4.8,-9.1,27.4,-3.7
1128,0.0,-10.4,27.4,-3.7
1129,-2.4,-10.1,22.8,-3.3
1130,-3.4,-14.8,27.4,-1.7
1131,4.5,-9.6,27.4,-3.6
1132,8.0,-6.8,27.4,-3.6
1133,6.6,-8.6,22.8,-3.2
1134,9.5,-12.1,27.4,-1.6
1135,10.2,-2.7,27.4,-3.5
1136,10.5,2.1,27.4,-3.5
1137,11.0,-0.3,22.8,-3.1
1138,15.5,-0.2,27.4,-1.6
1139,8.6,6.5,27.4,-3.5
1140,4.8,9.4,27.4,-3.6
1141,7.1,8.4,22.8,-3.1
1142,9.8,12.0,27.4,-1.6
1143,0.0,10.3,27.4,-3.7
1144,-4.6,9.0,27.4,-3.8
1145,-2.4,10.3,22.8,-3.3
1146,-3.4,14.9,27.4,-1.7
1147,-8.5,5.6,27.4,-3.7
1148,-11.0,1.4,27.4,-3.5
1149,-10.1,3.6,22.8,-3.2
1150,-14.1,6.1,27.4,-1.6
1151,-9.6,-6.8,27.4,-3.0
1152,-12.0,-3.2,27.4,-2.8
1153,-12.1,-5.5,22.8,-2.4
1154,-15.0,-7.1,27.4,-1.1
1155,-5.1,5.3,27.4,-4.6
1156,-3.3,3.0,22.8,-4.5
1157,-7.1,-8.1,22.8,-3.2
1158,-9.8,-11.9,27.4,-1.6
1159,2.4,-10.6,22.8,-3.2
1160,3.4,-15.1,27.4,-1.6
1161,9.4,-5.1,22.8,-3.2
1162,13.7,-6.9,27.4,-1.6
1163,10.1,4.5,22.8,-3.1
1164,14.0,6.6,27.4,-1.6
1165,2.5,10.4,22.8,-3.2
1166,3.5,14.9,27.4,-1.6
1167,-6.9,7.6,22.8,-3.4
1168,-9.7,11.6,27.4,-1.7
1169,-11.9,-0.8,22.8,-2.9
1170,-15.9,-0.4,27.4,-1.4
1171,2.9,4.7,18.2,-3.4
1172,2.8,0.6,18.2,-3.5
1173,5.2,2.6,18.2,-3.4
1174,5.5,6.0,18.2,-3.1
1175,4.0,3.6,13.7,-3.1
1176,0.5,5.0,18.2,-3.4
1177,2.1,8.1,18.2,-3.1
1178,1.8,5.8,13.7,-3.0
1179,3.0,-3.0,18.2,-3.5
1180,0.4,0.9,18.2,-3.6
1181,0.1,-3.2,18.2,-3.6
1182,2.0,-6.5,18.2,-3.2
1183,1.5,-2.5,13.7,-3.2
1184,6.7,-1.7,18.2,-3.2
1185,6.8,0.6,18.2,-3.2
1186,9.1,-0.4,18.2,-3.0
1187,7.3,-0.5,13.7,-2.9
1188,5.3,-3.2,18.2,-3.3
1189,7.8,-4.0,18.2,-3.0
1190,6.2,-2.9,13.7,-2.9
1191,5.3,-0.9,18.2,-3.3
1192,5.5,-6.0,18.2,-3.1
1193,4.4,-3.5,13.7,-3.0
1194,8.2,3.1,18.2,-3.0
1195,6.3,1.7,13.7,-3.0
1196,-1.6,7.3,18.2,-3.2
1197,-2.0,3.6,18.2,-3.5
1198,-0.8,4.2,13.7,-3.1
1199,-2.4,-3.4,18.2,-3.5
1200,-1.9,-7.1,18.2,-3.2
1201,-2.4,-0.5,18.2,-3.5
1202,-1.4,-4.0,13.7,-3.1
1203,-4.0,-0.9,18.2,-3.5
1204,-7.4,2.2,18.2,-3.1
1205,-4.0,1.9,18.2,-3.5
1206,-4.7,0.9,13.7,-3.1
1207,-5.2,-5.4,18.2,-3.1
1208,-7.6,-1.8,18.2,-3.1
1209,-3.4,-2.7,13.7,-3.1
1210,-4.8,-9.1,18.2,-2.8
1211,0.0,-10.4,18.2,-2.8
1212,-2.4,-10.1,13.7,-2.7
1213,-3.4,-14.8,18.2,-2.2
1214,4.5,-9.6,18.2,-2.8
1215,8.0,-6.8,18.2,-2.8
1216,6.6,-8.6,13.7,-2.7
1217,9.5,-12.1,18.2,-2.2
1218,10.2,-2.7,18.2,-2.8
1219,10.5,2.1,18.2,-2.7
1220,11.0,-0.3,13.7,-2.7
1221,15.5,-0.2,18.2,-2.2
1222,8.6,6.5,18.2,-2.7
1223,4.8,9.4,18.2,-2.8
1224,7.1,8.4,13.7,-2.7
1225,9.8,12.0,18.2,-2.2
1226,0.0,10.3,18.2,-2.8
1227,-4.6,9.0,18.2,-2.8
1228,-2.4,10.3,13.7,-2.7
1229,-3.4,14.9,18.2,-2.2
1230,-8.5,5.6,18.2,-2.8
1231,-11.0,1.4,18.2,-2.7
1232,-10.1,3.6,13.7,-2.7
1233,-14.1,6.1,18.2,-2.2
1234,-9.6,-6.8,18.2,-2.6
1235,-12.0,-3.2,18.2,-2.5
1236,-12.1,-5.5,13.7,-2.5
1237,-15.0,-7.1,18.2,-2.0
1238,-5.1,5.3,18.2,-3.2
1239,-3.3,3.0,13.7,-3.1
1240,-7.1,-8.1,13.7,-2.7
1241,-9.8,-11.9,18.2,-2.2
1242,2.4,-10.6,13.7,-2.7
1243,3.4,-15.1,18.2,-2.2
1244,9.4,-5.1,13.7,-2.7
1245,13.7,-6.9,18.2,-2.2
1246,10.1,4.5,13.7,-2.7
1247,14.0,6.6,18.2,-2.2
1248,2.5,10.4,13.7,-2.7
1249,3.5,14.9,18.2,-2.2
1250,-6.9,7.6,13.7,-2.7
1251,-9.7,11.6,18.2,-2.2
1252,-11.9,-0.8,13.7,-2.6
1253,-15.9,-0.4,18.2,-2.1
1254,2.9,4.7,9.1,-2.7
1255,2.8,0.6,9.1,-2.7
1256,5.2,2.6,9.1,-2.7
1257,5.5,6.0,9.1,-2.7
1258,4.0,3.6,4.6,-2.4
1259,0.5,5.0,9.1,-2.7
1260,2.1,8.1,9.1,-2.6
1261,1.8,5.8,4.6,-2.4
1262,3.0,-3.0,9.1,-2.7
1263,0.4,0.9,9.1,-2.7
1264,0.1,-3.2,9.1,-2.7
1265,2.0,-6.5,9.1,-2.7
1266,1.5,-2.5,4.6,-2.4
1267,6.7,-1.7,9.1,-2.7
1268,6.8,0.6,9.1,-2.7
1269,9.1,-0.4,9.1,-2.6
1270,7.3,-0.5,4.6,-2.4
1271,5.3,-3.2,9.1,-2.7
1272,7.8,-4.0,9.1,-2.6
1273,6.2,-2.9,4.6,-2.4
1274,5.3,-0.9,9.1,-2.7
1275,5.5,-6.0,9.1,-2.7
1276,4.4,-3.5,4.6,-2.4
1277,8.2,3.1,9.1,-2.6
1278,6.3,1.7,4.6,-2.4
1279,-1.6,7.3,9.1,-2.7
1280,-2.0,3.6,9.1,-2.7
1281,-0.8,4.2,4.6,-2.4
1282,-2.4,-3.4,9.1,-2.7
1283,-1.9,-7.1,9.1,-2.7
1284,-2.4,-0.5,9.1,-2.7
1285,-1.4,-4.0,4.6,-2.4
1286,-4.0,-0.9,9.1,-2.7
1287,-7.4,2.2,9.1,-2.7
1288,-4.0,1.9,9.1,-2.7
1289,-4.7,0.9,4.6,-2.4
1290,-5.2,-5.4,9.1,-2.7
1291,-7.6,-1.8,9.1,-2.6
1292,-3.4,-2.7,4.6,-2.4
1293,-4.8,-9.1,9.1,-2.6
1294,0.0,-10.4,9.1,-2.6
1295,-2.4,-10.1,4.6,-2.2
1296,-3.4,-14.8,9.1,-2.3
1297,4.5,-9.6,9.1,-2.6
1298,8.0,-6.8,9.1,-2.6
1299,6.6,-8.6,4.6,-2.2
1300,9.5,-12.1,9.1,-2.3
1301,10.2,-2.7,9.1,-2.6
1302,10.5,2.1,9.1,-2.6
1303,11.0,-0.3,4.6,-2.2
1304,15.5,-0.2,9.1,-2.3
1305,8.6,6.5,9.1,-2.6
1306,4.8,9.4,9.1,-2.6
1307,7.1,8.4,4.6,-2.2
1308,9.8,12.0,9.1,-2.3
1309,0.0,10.3,9.1,-2.6
1310,-4.6,9.0,9.1,-2.6
1311,-2.4,10.3,4.6,-2.2
1312,-3.4,14.9,9.1,-2.3
1313,-8.5,5.6,9.1,-2.6
1314,-11.0,1.4,9.1,-2.6
1315,-10.1,3.6,4.6,-2.2
1316,-14.1,6.1,9.1,-2.3
1317,-9.6,-6.8,9.1,-2.6
1318,-12.0,-3.2,9.1,-2.6
1319,-12.1,-5.5,4.6,-2.2
1320,-15.0,-7.1,9.1,-2.2
1321,-5.1,5.3,9.1,-2.7
1322,-3.3,3.0,4.6,-2.4
1323,-7.1,-8.1,4.6,-2.2
1324,-9.8,-11.9,9.1,-2.3
1325,2.4,-10.6,4.6,-2.2
1326,3.4,-15.1,9.1,-2.3
1327,9.4,-5.1,4.6,-2.2
1328,13.7,-6.9,9.1,-2.3
1329,10.1,4.5,4.6,-2.2
1330,14.0,6.6,9.1,-2.3
1331,2.5,10.4,4.6,-2.2
1332,3.5,14.9,9.1,-2.3
1333,-6.9,7.6,4.6,-2.2
1334,-9.7,11.6,9.1,-2.3
1335,-11.9,-0.8,4.6,-2.2
1336,-15.9,-0.4,9.1,-2.3
1337,-12.0,-3.2,80.0,-2.4
1338,-11.0,1.4,80.0,-2.4
1339,-7.6,-1.8,80.0,-2.4
1340,-15.9,-0.4,80.0,-2.4
1341,-5.1,5.3,80.0,-2.4
1342,-8.5,5.6,80.0,-2.4
1343,-4.6,9.0,80.0,-2.4
1344,-9.7,11.6,80.0,-2.4
1345,0.0,10.3,80.0,-2.4
1346,4.8,9.4,80.0,-2.4
1347,2.1,8.1,80.0,-2.4
1348,3.5,14.9,80.0,-2.4
1349,8.6,6.5,80.0,-2.4
1350,10.5,2.1,80.0,-2.4
1351,8.2,3.1,80.0,-2.4
1352,14.0,6.6,80.0,-2.4
1353,10.2,-2.7,80.0,-2.4
1354,8.0,-6.8,80.0,-2.4
1355,7.8,-4.0,80.0,-2.4
1356,13.7,-6.9,80.0,-2.4
1357,4.5,-9.6,80.0,-2.4
1358,0.0,-10.4,80.0,-2.4
1359,2.0,-6.5,80.0,-2.4
1360,3.4,-15.1,80.0,-2.4
1361,-9.6,-6.8,80.0,-2.4
1362,-4.8,-9.1,80.0,-2.4
1363,-5.2,-5.4,80.0,-2.4
1364,-9.8,-11.9,80.0,-2.4
1365,-4.0,1.9,80.0,-2.3
1366,-2.4,-0.5,80.0,-2.3
1367,-2.0,3.6,80.0,-2.3
1368,-15.0,-7.1,80.0,-2.4
1369,-7.4,2.2,80.0,-2.4
1370,-14.1,6.1,80.0,-2.4
1371,-1.6,7.3,80.0,-2.4
1372,-3.4,14.9,80.0,-2.4
1373,5.5,6.0,80.0,-2.4
1374,9.8,12.0,80.0,-2.4
1375,9.1,-0.4,80.0,-2.4
1376,15.5,-0.2,80.0,-2.4
1377,5.5,-6.0,80.0,-2.4
1378,9.5,-12.1,80.0,-2.4
1379,-1.9,-7.1,80.0,-2.4
1380,-3.4,-14.8,80.0,-2.4
1381,-4.0,-0.9,80.0,-2.3
1382,-2.4,-3.4,80.0,-2.3
1383,0.1,-3.2,80.0,-2.3
1384,0.4,0.9,80.0,-2.3
1385,0.5,5.0,80.0,-2.3
1386,5.3,-0.9,80.0,-2.3
1387,6.8,0.6,80.0,-2.3
1388,5.2,2.6,80.0,-2.3
1389,5.3,-3.2,80.0,-2.3
1390,3.0,-3.0,80.0,-2.3
1391,6.7,-1.7,80.0,-2.3
1392,2.8,0.6,80.0,-2.3
1393,2.9,4.7,80.0,-2.3
1394,2.9,4.7,0.0,-2.1
1395,2.8,0.6,0.0,-2.1
1396,5.2,2.6,0.0,-2.1
1397,5.5,6.0,0.0,-2.0
1398,0.5,5.0,0.0,-2.1
1399,2.1,8.1,0.0,-2.0
1400,3.0,-3.0,0.0,-2.1
1401,0.4,0.9,0.0,-2.1
1402,0.1,-3.2,0.0,-2.1
1403,2.0,-6.5,0.0,-2.0
1404,6.7,-1.7,0.0,-2.1
1405,6.8,0.6,0.0,-2.1
1406,9.1,-0.4,0.0,-2.0
1407,5.3,-3.2,0.0,-2.1
1408,7.8,-4.0,0.0,-2.0
1409,5.3,-0.9,0.0,-2.1
1410,5.5,-6.0,0.0,-2.0
1411,8.2,3.1,0.0,-2.0
1412,-1.6,7.3,0.0,-2.0
1413,-2.0,3.6,0.0,-2.1
1414,-2.4,-3.4,0.0,-2.1
1415,-1.9,-7.1,0.0,-2.0
1416,-2.4,-0.5,0.0,-2.1
1417,-4.0,-0.9,0.0,-2.1
1418,-7.4,2.2,0.0,-2.0
1419,-4.0,1.9,0.0,-2.1
1420,-5.2,-5.4,0.0,-2.0
1421,-7.6,-1.8,0.0,-2.0
1422,-4.8,-9.1,0.0,-1.9
1423,0.0,-10.4,0.0,-1.9
1424,-3.4,-14.8,0.0,-2.5
1425,4.5,-9.6,0.0,-1.9
1426,8.0,-6.8,0.0,-1.8
1427,9.5,-12.1,0.0,-2.5
1428,10.2,-2.7,0.0,-1.8
1429,10.5,2.1,0.0,-1.8
1430,15.5,-0.2,0.0,-2.5
1431,8.6,6.5,0.0,-1.9
1432,4.8,9.4,0.0,-1.9
1433,9.8,12.0,0.0,-2.5
1434,0.0,10.3,0.0,-1.9
1435,-4.6,9.0,0.0,-1.9
1436,-3.4,14.9,0.0,-2.5
1437,-8.5,5.6,0.0,-1.9
1438,-11.0,1.4,0.0,-1.9
1439,-14.1,6.1,0.0,-2.5
1440,-9.6,-6.8,0.0,-1.9
1441,-12.0,-3.2,0.0,-1.9
1442,-15.0,-7.1,0.0,-2.6
1443,-5.1,5.3,0.0,-2.0
1444,-9.8,-11.9,0.0,-2.5
1445,3.4,-15.1,0.0,-2.5
1446,13.7,-6.9,0.0,-2.5
1447,14.0,6.6,0.0,-2.5
1448,3.5,14.9,0.0,-2.5
1449,-9.7,11.6,0.0,-2.5
1450,-15.9,-0.4,0.0,-2.6
1451,-15.6,-12.5,0.0,-3.2
1452,-19.5,-4.5,0.0,-3.3
1453,-18.0,-8.7,4.6,-2.6
1454,-8.7,-18.0,0.0,-3.1
1455,-12.5,-15.6,4.6,-2.6
1456,0.0,-20.0,0.0,-3.2
1457,-4.5,-19.5,4.6,-2.6
1458,8.7,-18.0,0.0,-3.2
1459,4.5,-19.5,4.6,-2.6
1460,15.6,-12.5,0.0,-3.2
1461,12.5,-15.6,4.6,-2.6
1462,19.5,-4.5,0.0,-3.2
1463,18.0,-8.7,4.6,-2.6
1464,19.5,4.5,0.0,-3.2
1465,20.0,0.0,4.6,-2.6
1466,15.6,12.5,0.0,-3.2
1467,18.0,8.7,4.6,-2.6
1468,8.7,18.0,0.0,-3.2
1469,12.5,15.6,4.6,-2.6
1470,0.0,20.0,0.0,-3.2
1471,4.5,19.5,4.6,-2.6
1472,-8.7,18.0,0.0,-3.1
1473,-4.5,19.5,4.6,-2.6
1474,-15.6,12.5,0.0,-3.1
1475,-12.5,15.6,4.6,-2.6
1476,-19.5,4.5,0.0,-3.2
1477,-20.0,0.0,4.6,-2.6
1478,-18.0,8.7,4.6,-2.6
1479,-19.5,4.5,27.4,0.4
1480,-19.5,-4.5,27.4,0.3
1481,-19.4,0.0,29.2,0.7
1482,-20.0,0.0,22.8,-0.6
1483,-15.6,12.5,27.4,0.4
1484,-17.4,8.4,29.2,0.7
1485,-18.0,8.7,22.8,-0.6
1486,-8.7,18.0,27.4,0.4
1487,-12.1,15.1,29.2,0.7
1488,-12.5,15.6,22.8,-0.6
1489,0.0,20.0,27.4,0.4
1490,-4.3,18.9,29.2,0.7
1491,-4.5,19.5,22.8,-0.6
1492,8.7,18.0,27.4,0.3
1493,4.3,18.9,29.2,0.7
1494,4.5,19.5,22.8,-0.6
1495,15.6,12.5,27.4,0.3
1496,12.1,15.1,29.2,0.7
1497,12.5,15.6,22.8,-0.6
1498,19.5,4.5,27.4,0.3
1499,17.4,8.4,29.2,0.7
1500,18.0,8.7,22.8,-0.6
1501,19.5,-4.5,27.4,0.3
1502,19.4,0.0,29.2,0.7
1503,20.0,0.0,22.8,-0.6
1504,15.6,-12.5,27.4,0.3
1505,17.4,-8.4,29.2,0.7
1506,18.0,-8.7,22.8,-0.6
1507,8.7,-18.0,27.4,0.4
1508,12.1,-15.1,29.2,0.7
1509,12.5,-15.6,22.8,-0.6
1510,0.0,-20.0,27.4,0.4
1511,4.3,-18.9,29.2,0.7
1512,4.5,-19.5,22.8,-0.6
1513,-8.7,-18.0,27.4,0.4
1514,-4.3,-18.9,29.2,0.7
1515,-4.5,-19.5,22.8,-0.6
1516,-15.6,-12.5,27.4,0.3
1517,-12.1,-15.1,29.2,0.7
1518,-12.5,-15.6,22.8,-0.6
1519,-17.4,-8.4,29.2,0.6
1520,-18.0,-8.7,22.8,-0.7
1521,-17.2,3.9,30.3,1.1
1522,-13.8,11.0,30.3,1.1
1523,-12.4,6.0,32.2,-4.2
1524,-17.2,-3.9,30.3,1.1
1525,-13.7,0.0,32.2,-4.2
1526,-7.7,15.9,30.3,1.1
1527,-8.6,10.7,32.2,-4.2
1528,0.0,17.7,30.3,1.1
1529,-3.1,13.4,32.2,-4.2
1530,7.7,15.9,30.3,1.1
1531,3.1,13.4,32.2,-4.2
1532,13.8,11.0,30.3,1.1
1533,8.6,10.7,32.2,-4.2
1534,17.2,3.9,30.3,1.1
1535,12.4,6.0,32.2,-4.2
1536,17.2,-3.9,30.3,1.1
1537,13.7,0.0,32.2,-4.2
1538,13.8,-11.0,30.3,1.1
1539,12.4,-6.0,32.2,-4.2
1540,7.7,-15.9,30.3,1.1
1541,8.6,-10.7,32.2,-4.2
1542,0.0,-17.7,30.3,1.1
1543,3.1,-13.4,32.2,-4.2
1544,-7.7,-15.9,30.3,1.1
1545,-3.1,-13.4,32.2,-4.2
1546,-13.8,-11.0,30.3,1.0
1547,-8.6,-10.7,32.2,-4.2
1548,-12.4,-6.0,32.2,-4.2
1549,-15.6,-12.5,18.2,-1.6
1550,-18.0,-8.7,13.7,-1.8
1551,-19.5,-4.5,18.2,-1.6
1552,-8.7,-18.0,18.2,-1.6
1553,-12.5,-15.6,13.7,-1.8
1554,0.0,-20.0,18.2,-1.6
1555,-4.5,-19.5,13.7,-1.8
1556,8.7,-18.0,18.2,-1.6
1557,4.5,-19.5,13.7,-1.8
1558,15.6,-12.5,18.2,-1.6
1559,12.5,-15.6,13.7,-1.8
1560,19.5,-4.5,18.2,-1.6
1561,18.0,-8.7,13.7,-1.8
1562,19.5,4.5,18.2,-1.6
1563,20.0,0.0,13.7,-1.8
1564,15.6,12.5,18.2,-1.6
1565,18.0,8.7,13.7,-1.8
1566,8.7,18.0,18.2,-1.6
1567,12.5,15.6,13.7,-1.8
1568,0.0,20.0,18.2,-1.6
1569,4.5,19.5,13.7,-1.8
1570,-8.7,18.0,18.2,-1.6
1571,-4.5,19.5,13.7,-1.8
1572,-15.6,12.5,18.2,-1.6
1573,-12.5,15.6,13.7,-1.8
1574,-18.0,8.7,13.7,-1.8
1575,-19.5,4.5,18.2,-1.6
1576,-15.6,-12.5,9.1,-2.0
1577,-19.5,-4.5,9.1,-1.9
1578,-8.7,-18.0,9.1,-2.0
1579,0.0,-20.0,9.1,-2.0
1580,8.7,-18.0,9.1,-2.0
1581,15.6,-12.5,9.1,-2.0
1582,19.5,-4.5,9.1,-2.0
1583,19.5,4.5,9.1,-2.0
1584,15.6,12.5,9.1,-2.0
1585,8.7,18.0,9.1,-2.0
1586,0.0,20.0,9.1,-2.0
1587,-8.7,18.0,9.1,-2.0
1588,-15.6,12.5,9.1,-2.0
1589,-19.5,4.5,9.1,-2.0
1590,-20.0,0.0,13.7,-1.8
1591,-8.6,-6.8,44.3,-9.5
1592,-9.0,-4.3,40.0,-9.5
1593,-12.4,-6.0,47.8,-4.2
1594,-10.7,-2.4,44.3,-9.5
1595,-4.8,-9.9,44.3,-9.5
1596,-6.2,-7.8,40.0,-9.4
1597,-8.6,-10.7,47.8,-4.2
1598,0.0,-11.0,44.3,-9.4
1599,-2.2,-9.7,40.0,-9.4
1600,-3.1,-13.4,47.8,-4.2
1601,4.8,-9.9,44.3,-9.4
1602,2.2,-9.7,40.0,-9.4
1603,3.1,-13.4,47.8,-4.2
1604,8.6,-6.8,44.3,-9.4
1605,6.2,-7.8,40.0,-9.4
1606,8.6,-10.7,47.8,-4.2
1607,10.7,-2.4,44.3,-9.5
1608,9.0,-4.3,40.0,-9.4
1609,12.4,-6.0,47.8,-4.2
1610,10.7,2.4,44.3,-9.5
1611,10.0,0.0,40.0,-9.4
1612,13.7,0.0,47.8,-4.2
1613,8.6,6.8,44.3,-9.5
1614,9.0,4.3,40.0,-9.5
1615,12.4,6.0,47.8,-4.2
1616,4.8,9.9,44.3,-9.5
1617,6.2,7.8,40.0,-9.4
1618,8.6,10.7,47.8,-4.2
1619,0.0,11.0,44.3,-9.4
1620,2.2,9.7,40.0,-9.4
1621,3.1,13.4,47.8,-4.2
1622,-4.8,9.9,44.3,-9.4
1623,-2.2,9.7,40.0,-9.4
1624,-3.1,13.4,47.8,-4.2
1625,-8.6,6.8,44.3,-9.4
1626,-6.2,7.8,40.0,-9.4
1627,-8.6,10.7,47.8,-4.2
1628,-9.0,4.3,40.0,-9.4
1629,-12.4,6.0,47.8,-4.2
1630,-10.7,2.4,44.3,-9.5
1631,-8.6,-6.8,35.7,-9.4
1632,-10.7,-2.4,35.7,-9.4
1633,-4.8,-9.9,35.7,-9.4
1634,0.0,-11.0,35.7,-9.4
1635,4.8,-9.9,35.7,-9.4
1636,8.6,-6.8,35.7,-9.4
1637,10.7,-2.4,35.7,-9.4
1638,10.7,2.4,35.7,-9.4
1639,8.6,6.8,35.7,-9.4
1640,4.8,9.9,35.7,-9.4
1641,0.0,11.0,35.7,-9.4
1642,-4.8,9.9,35.7,-9.4
1643,-8.6,6.8,35.7,-9.4
1644,-10.7,2.4,35.7,-9.4
1645,-13.8,-11.0,49.7,1.0
1646,-7.7,-15.9,49.7,1.0
1647,-12.1,-15.1,50.8,0.7
1648,-17.2,-3.9,49.7,1.1
1649,-17.4,-8.4,50.8,0.6
1650,0.0,-17.7,49.7,1.1
1651,-4.3,-18.9,50.8,0.7
1652,7.7,-15.9,49.7,1.1
1653,4.3,-18.9,50.8,0.7
1654,13.8,-11.0,49.7,1.1
1655,12.1,-15.1,50.8,0.7
1656,17.2,-3.9,49.7,1.1
1657,17.4,-8.4,50.8,0.7
1658,17.2,3.9,49.7,1.1
1659,19.4,0.0,50.8,0.7
1660,13.8,11.0,49.7,1.1
1661,17.4,8.4,50.8,0.7
1662,7.7,15.9,49.7,1.1
1663,12.1,15.1,50.8,0.7
1664,0.0,17.7,49.7,1.1
1665,4.3,18.9,50.8,0.7
1666,-7.7,15.9,49.7,1.0
1667,-4.3,18.9,50.8,0.7
1668,-13.8,11.0,49.7,1.1
1669,-12.1,15.1,50.8,0.7
1670,-17.2,3.9,49.7,1.1
1671,-17.4,8.4,50.8,0.7
1672,-13.7,0.0,47.8,-4.2
1673,-19.4,0.0,50.8,0.7
1674,-10.0,0.0,40.0,-9.4
1675,-15.6,-12.5,70.9,-2.3
1676,-18.0,-8.7,66.3,-2.0
1677,-18.0,-8.7,75.4,-2.4
1678,-19.5,-4.5,70.9,-2.3
1679,-8.7,-18.0,70.9,-2.3
1680,-12.5,-15.6,66.3,-2.0
1681,-12.5,-15.6,75.4,-2.4
1682,0.0,-20.0,70.9,-2.3
1683,-4.5,-19.5,66.3,-2.0
1684,-4.5,-19.5,75.4,-2.4
1685,8.7,-18.0,70.9,-2.3
1686,4.5,-19.5,66.3,-2.0
1687,4.5,-19.5,75.4,-2.4
1688,15.6,-12.5,70.9,-2.3
1689,12.5,-15.6,66.3,-2.0
1690,12.5,-15.6,75.4,-2.4
1691,19.5,-4.5,70.9,-2.3
1692,18.0,-8.7,66.3,-2.0
1693,18.0,-8.7,75.4,-2.4
1694,19.5,4.5,70.9,-2.3
1695,20.0,0.0,66.3,-2.0
1696,20.0,0.0,75.4,-2.4
1697,15.6,12.5,70.9,-2.3
1698,18.0,8.7,66.3,-2.0
1699,18.0,8.7,75.4,-2.4
1700,8.7,18.0,70.9,-2.3
1701,12.5,15.6,66.3,-2.0
1702,12.5,15.6,75.4,-2.4
1703,0.0,20.0,70.9,-2.3
1704,4.5,19.5,66.3,-2.0
1705,4.5,19.5,75.4,-2.4
1706,-8.7,18.0,70.9,-2.3
1707,-4.5,19.5,66.3,-2.0
1708,-4.5,19.5,75.4,-2.4
1709,-15.6,12.5,70.9,-2.3
1710,-12.5,15.6,66.3,-2.0
1711,-12.5,15.6,75.4,-2.4
1712,-18.0,8.7,66.3,-2.0
1713,-19.5,4.5,70.9,-2.3
1714,-18.0,8.7,75.4,-2.4
1715,-15.6,-12.5,61.8,-1.7
1716,-18.0,-8.7,57.2,-0.8
1717,-19.5,-4.5,61.8,-1.7
1718,-8.7,-18.0,61.8,-1.7
1719,-12.5,-15.6,57.2,-0.7
1720,0.0,-20.0,61.8,-1.7
1721,-4.5,-19.5,57.2,-0.7
1722,8.7,-18.0,61.8,-1.7
1723,4.5,-19.5,57.2,-0.7
1724,15.6,-12.5,61.8,-1.7
1725,12.5,-15.6,57.2,-0.7
1726,19.5,-4.5,61.8,-1.7
1727,18.0,-8.7,57.2,-0.7
1728,19.5,4.5,61.8,-1.7
1729,20.0,0.0,57.2,-0.7
1730,15.6,12.5,61.8,-1.7
1731,18.0,8.7,57.2,-0.7
1732,8.7,18.0,61.8,-1.7
1733,12.5,15.6,57.2,-0.7
1734,0.0,20.0,61.8,-1.7
1735,4.5,19.5,57.2,-0.7
1736,-8.7,18.0,61.8,-1.7
1737,-4.5,19.5,57.2,-0.7
1738,-15.6,12.5,61.8,-1.7
1739,-12.5,15.6,57.2,-0.7
1740,-19.5,4.5,61.8,-1.7
1741,-18.0,8.7,57.2,-0.7
1742,-19.5,-4.5,80.0,-2.4
1743,-15.6,-12.5,80.0,-2.4
1744,-19.5,-4.5,52.6,0.3
1745,-15.6,-12.5,52.6,0.3
1746,-20.0,0.0,75.4,-2.4
1747,-19.5,4.5,80.0,-2.4
1748,-20.0,0.0,66.3,-2.0
1749,-20.0,0.0,57.2,-0.7
1750,-19.5,4.5,52.6,0.4
1751,-8.7,-18.0,80.0,-2.4
1752,0.0,-20.0,80.0,-2.4
1753,8.7,-18.0,80.0,-2.4
1754,15.6,-12.5,80.0,-2.4
1755,19.5,-4.5,80.0,-2.4
1756,19.5,4.5,80.0,-2.4
1757,15.6,12.5,80.0,-2.4
1758,8.7,18.0,80.0,-2.4
1759,0.0,20.0,80.0,-2.4
1760,-8.7,18.0,80.0,-2.4
1761,-15.6,12.5,80.0,-2.4
1762,-8.7,-18.0,52.6,0.4
1763,0.0,-20.0,52.6,0.4
1764,8.7,-18.0,52.6,0.4
1765,15.6,-12.5,52.6,0.3
1766,19.5,-4.5,52.6,0.3
1767,19.5,4.5,52.6,0.3
1768,15.6,12.5,52.6,0.3
1769,8.7,18.0,52.6,0.3
1770,0.0,20.0,52.6,0.3
1771,-8.7,18.0,52.6,0.4
1772,-15.6,12.5,52.6,0.4
